{"title":"average-checker","description":"Click item to see marketplace average!","version":"1.0.3","categories":["Usability","G-Earth Utilities"],"source":{"source":"","readme":"","releases":""},"readme":"https://github.com/rocawear-public/average-checker/blob/master/README.md","releases":"","stable":true,"language":"js","commands":{"default":["java","-jar","NodeExtensionSetup.jar","-npm","start","-v","15.0.0","-c","{cookie}","-p","{port}","-f","{filename}"]},"compatibility":{"systems":["Linux","Windows","Mac"],"clients":["Flash"]},"submissionDate":"05-04-2023 18:00:00","updateDate":"","isOutdated":false,"authors":[{"name":"rocawear","hotel":"","username":"","discord":"","twitter":""}],"framework":{"name":"G-Node","version":"0.2.15"}}
