{"title":"average-checker","description":"Click item to see marketplace average! USAGE: !avg to toggle it ON/OFF","version":"2.0.0","categories":["Usability","G-Earth Utilities"],"source":"https://github.com/rocawear-public/average-checker","readme":"https://github.com/rocawear-public/average-checker/blob/master/README.md","stable":true,"language":"Node.js","commands":{"default":["java","-jar","NodeExtensionSetup.jar","-npm","start","-v","15.0.0","-c","{cookie}","-p","{port}","-f","{filename}"]},"compatibility":{"systems":["Linux","Windows","Mac"],"clients":["Flash"]},"submissionDate":"05-04-2023 18:00:00","updateDate":"05-04-2023 18:00:00","isOutdated":false,"authors":[{"name":"rocawear"}],"framework":{"name":"G-Node","version":"0.2.15"},"main":"src/index.js"}
