{"title":"","description":"","version":"1.0.0","categories":[""],"source":{"source":"","readme":"","releases":""},"readme":"","releases":"","stable":true,"language":"js","commands":{"default":["java","-jar","NodeExtensionSetup.jar","-npm","start","-v","15.0.0","-c","{cookie}","-p","{port}","-f","{filename}"]},"compatibility":{"systems":["Linux","Windows","Mac"],"clients":["Flash"]},"submissionDate":"","updateDate":"","isOutdated":false,"authors":[{"name":"","hotel":"","username":"","discord":"","twitter":""}],"framework":{"name":"G-Node","version":"0.2.12"}}
